{
  "timestamp": 1762236947.5424461,
  "total_queries": 50,
  "overall_success_rate": 57.99999999999999,
  "overall_accuracy": 0.7823787393152007,
  "average_latency_ms": 427.5686007322418,
  "total_cost": 0.00021378430036612096,
  "by_strategy": {
    "symbolic_heavy": {
      "total_queries": 10,
      "success_rate": 60.0,
      "average_latency_ms": 377.5536046091812,
      "average_cost": 3.7755360460918126e-06,
      "average_accuracy": 0.7976108352077287
    },
    "factual_heavy": {
      "total_queries": 10,
      "success_rate": 40.0,
      "average_latency_ms": 485.6330891505248,
      "average_cost": 4.856330891505249e-06,
      "average_accuracy": 0.7565810387845937
    },
    "balanced": {
      "total_queries": 10,
      "success_rate": 90.0,
      "average_latency_ms": 300.9497105773563,
      "average_cost": 3.009497105773564e-06,
      "average_accuracy": 0.8421324443523781
    },
    "fast": {
      "total_queries": 10,
      "success_rate": 40.0,
      "average_latency_ms": 149.0137729600703,
      "average_cost": 1.490137729600703e-06,
      "average_accuracy": 0.729697132706306
    },
    "deep": {
      "total_queries": 10,
      "success_rate": 60.0,
      "average_latency_ms": 824.6928263640766,
      "average_cost": 8.246928263640767e-06,
      "average_accuracy": 0.785872245524997
    }
  },
  "by_query_type": {
    "math": {
      "total_queries": 20,
      "most_used_strategy": "symbolic_heavy",
      "average_accuracy": 0.7846637152853825,
      "average_latency_ms": 429.2934990913669,
      "strategies_distribution": {
        "symbolic_heavy": 4,
        "factual_heavy": 4,
        "balanced": 4,
        "fast": 4,
        "deep": 4
      }
    },
    "logic": {
      "total_queries": 10,
      "most_used_strategy": "symbolic_heavy",
      "average_accuracy": 0.7841178299189928,
      "average_latency_ms": 406.43842190150446,
      "strategies_distribution": {
        "symbolic_heavy": 2,
        "factual_heavy": 2,
        "balanced": 2,
        "fast": 2,
        "deep": 2
      }
    },
    "code": {
      "total_queries": 5,
      "most_used_strategy": "symbolic_heavy",
      "average_accuracy": 0.767248060306615,
      "average_latency_ms": 439.62110353971127,
      "strategies_distribution": {
        "symbolic_heavy": 1,
        "factual_heavy": 1,
        "balanced": 1,
        "fast": 1,
        "deep": 1
      }
    },
    "factual": {
      "total_queries": 10,
      "most_used_strategy": "symbolic_heavy",
      "average_accuracy": 0.794172161659185,
      "average_latency_ms": 432.1882653103215,
      "strategies_distribution": {
        "symbolic_heavy": 2,
        "factual_heavy": 2,
        "balanced": 2,
        "fast": 2,
        "deep": 2
      }
    },
    "analysis": {
      "total_queries": 5,
      "most_used_strategy": "symbolic_heavy",
      "average_accuracy": 0.7613044885475067,
      "average_latency_ms": 441.63753299358757,
      "strategies_distribution": {
        "symbolic_heavy": 1,
        "factual_heavy": 1,
        "balanced": 1,
        "fast": 1,
        "deep": 1
      }
    }
  }
}