{
  "math": {
    "count": 21,
    "strategies": {
      "symbolic_heavy": {
        "count": 4,
        "accuracy": 0.8728639854505292,
        "avg_latency": 379.00888315724467,
        "avg_cost": 3.7900888315724462e-06
      },
      "factual_heavy": {
        "count": 4,
        "accuracy": 0.7309601071731497,
        "avg_latency": 490.01294435126067,
        "avg_cost": 4.9001294435126075e-06
      },
      "balanced": {
        "count": 5,
        "accuracy": 0.9071103617676416,
        "avg_latency": 5592.320880945706,
        "avg_cost": 2.793827919564487e-06
      },
      "fast": {
        "count": 4,
        "accuracy": 0.6705190383761662,
        "avg_latency": 140.66443145115215,
        "avg_cost": 1.4066443145115217e-06
      },
      "deep": {
        "count": 4,
        "accuracy": 0.7650874932175151,
        "avg_latency": 819.3027465516165,
        "avg_cost": 8.193027465516165e-06
      }
    }
  },
  "logic": {
    "count": 10,
    "strategies": {
      "symbolic_heavy": {
        "count": 2,
        "accuracy": 0.7611251744391879,
        "avg_latency": 373.2842265314024,
        "avg_cost": 3.7328422653140247e-06
      },
      "factual_heavy": {
        "count": 2,
        "accuracy": 0.6697872187450112,
        "avg_latency": 472.4544754078961,
        "avg_cost": 4.724544754078961e-06
      },
      "balanced": {
        "count": 2,
        "accuracy": 0.8741066977487397,
        "avg_latency": 241.98747658126052,
        "avg_cost": 2.4198747658126055e-06
      },
      "fast": {
        "count": 2,
        "accuracy": 0.7447813947064205,
        "avg_latency": 118.0488713391981,
        "avg_cost": 1.180488713391981e-06
      },
      "deep": {
        "count": 2,
        "accuracy": 0.8707886639556047,
        "avg_latency": 826.417059647765,
        "avg_cost": 8.26417059647765e-06
      }
    }
  },
  "code": {
    "count": 5,
    "strategies": {
      "symbolic_heavy": {
        "count": 1,
        "accuracy": 0.726983566027533,
        "avg_latency": 379.4633498332635,
        "avg_cost": 3.7946334983326356e-06
      },
      "factual_heavy": {
        "count": 1,
        "accuracy": 0.7273296170740836,
        "avg_latency": 445.17294209687174,
        "avg_cost": 4.451729420968718e-06
      },
      "balanced": {
        "count": 1,
        "accuracy": 0.7088420833886264,
        "avg_latency": 315.2172640938355,
        "avg_cost": 3.1521726409383557e-06
      },
      "fast": {
        "count": 1,
        "accuracy": 0.88134389204329,
        "avg_latency": 196.16416979074685,
        "avg_cost": 1.9616416979074687e-06
      },
      "deep": {
        "count": 1,
        "accuracy": 0.7917411429995417,
        "avg_latency": 862.087791883839,
        "avg_cost": 8.620877918838391e-06
      }
    }
  },
  "factual": {
    "count": 10,
    "strategies": {
      "symbolic_heavy": {
        "count": 2,
        "accuracy": 0.7516880244189221,
        "avg_latency": 371.4247711597054,
        "avg_cost": 3.714247711597054e-06
      },
      "factual_heavy": {
        "count": 2,
        "accuracy": 0.925161442366353,
        "avg_latency": 503.8651401054381,
        "avg_cost": 5.038651401054382e-06
      },
      "balanced": {
        "count": 2,
        "accuracy": 0.799335913097897,
        "avg_latency": 317.44711563370845,
        "avg_cost": 3.1744711563370846e-06
      },
      "fast": {
        "count": 2,
        "accuracy": 0.7633957295595399,
        "avg_latency": 143.44239903214321,
        "avg_cost": 1.4344239903214322e-06
      },
      "deep": {
        "count": 2,
        "accuracy": 0.7312796988532131,
        "avg_latency": 824.7619006206124,
        "avg_cost": 8.247619006206126e-06
      }
    }
  },
  "analysis": {
    "count": 5,
    "strategies": {
      "symbolic_heavy": {
        "count": 1,
        "accuracy": 0.7320424465314159,
        "avg_latency": 390.6191682473542,
        "avg_cost": 3.906191682473542e-06
      },
      "factual_heavy": {
        "count": 1,
        "accuracy": 0.7247430198565262,
        "avg_latency": 498.4669409766657,
        "avg_cost": 4.984669409766657e-06
      },
      "balanced": {
        "count": 1,
        "accuracy": 0.8300453296036745,
        "avg_latency": 305.4966974675469,
        "avg_cost": 3.0549669746754688e-06
      },
      "fast": {
        "count": 1,
        "accuracy": 0.7171970329831842,
        "avg_latency": 208.3332932626647,
        "avg_cost": 2.0833329326266473e-06
      },
      "deep": {
        "count": 1,
        "accuracy": 0.802494613762732,
        "avg_latency": 805.2715650137064,
        "avg_cost": 8.052715650137065e-06
      }
    }
  }
}